{
  "string": [
    {
      "name": "module_desc",
      "value": "模块描述"
    },
    {
      "name": "EntryAbility_desc",
      "value": "description"
    },
    {
      "name": "EntryAbility_label",
      "value": "相机数据采集保存"
    },
    {
      "name": "photo",
      "value": "拍照"
    },
    {
      "name": "video",
      "value": "录像"
    },
    {
      "name": "reason_camera",
      "value": "用于拍照录像"
    },
    {
      "name": "reason_microphone",
      "value": "用于录像录制音频"
    },
    {
      "name": "reason_write_imagevideo",
      "value": "用于保存照片录像"
    }
  ]
}